news_title,news_link,news_text,news_date
,https://www.scmp.com/knowledge,,2025-07-08
,https://www.scmp.com/knowledge,,2025-07-08
,https://www.scmp.com/knowledge,,2025-07-08
,https://www.scmp.com/knowledge,,2025-07-08
,https://www.scmp.com/knowledge,,2025-07-08
Latest News,https://www.scmp.com/knowledge/topics/china-economy/news,Overview,2025-07-08
Latest News,https://www.scmp.com/knowledge/topics/china-economy/news,Overview,2025-07-08
Latest News,https://www.scmp.com/knowledge/topics/china-economy/news,Overview,2025-07-08
,https://www.scmp.com/cdn-cgi/l/email-protection#dce3afa9beb6b9bfa8e18fb4bdaeb9b8fcbaaeb3b1fc8fb3a9a8b4fc9fb4b5b2bdfc91b3aeb2b5b2bbfc8cb3afa8fabdb1ace7beb3b8a5e19fb4b5b2bdfc99bfb3b2b3b1a5f9ec98f9ec9db4a8a8acaff9ef9df9ee9af9ee9aabababf2afbfb1acf2bfb3b1f9ee9ab7b2b3abb0b9b8bbb9f9ee9aa8b3acb5bfaff9ee9abfb4b5b2bdf1b9bfb3b2b3b1a5f9ee9ab2b9abaff9ef9aa9a8b183afb3a9aebfb9f9ef9899b1bdb5b0f9eeeaa9a8b183b1b9b8b5a9b1f9ef98afb4bdaeb983abb5b8bbb9a8f9eeeaa9a8b183bfbdb1acbdb5bbb2f9ef98e9ece4eeede4,China Economy,2025-07-08
,https://www.scmp.com/economy/china-economy/article/3317391/china-speed-bullet-train-connectivity-neighbours,China Economy,2025-07-08
,https://www.scmp.com/economy/china-economy/article/3317391/china-speed-bullet-train-connectivity-neighbours,China Economy,2025-07-08
,https://www.scmp.com/economy/china-economy/article/3317391/china-speed-bullet-train-connectivity-neighbours,China Economy,2025-07-08
China to speed up bullet-train connectivity with neighbours,https://www.scmp.com/economy/china-economy/article/3317391/china-speed-bullet-train-connectivity-neighbours,China Economy,2025-07-08
China to speed up bullet-train connectivity with neighbours,https://www.scmp.com/economy/china-economy/article/3317391/china-speed-bullet-train-connectivity-neighbours,China Economy,2025-07-08
China Economy,https://www.scmp.com/economy/china-economy/article/3317397/why-trumps-14-nation-tariff-package-puts-china-edge-and-pressures-southeast-asia,,2025-07-08
China Economy,https://www.scmp.com/economy/china-economy/article/3317397/why-trumps-14-nation-tariff-package-puts-china-edge-and-pressures-southeast-asia,,2025-07-08
China Economy,https://www.scmp.com/economy/china-economy/article/3317397/why-trumps-14-nation-tariff-package-puts-china-edge-and-pressures-southeast-asia,,2025-07-08
‘Pressure and division’: why Trump’s 14-nation tariff package puts China on edge,https://www.scmp.com/economy/china-economy/article/3317397/why-trumps-14-nation-tariff-package-puts-china-edge-and-pressures-southeast-asia,China Economy,2025-07-08
‘Pressure and division’: why Trump’s 14-nation tariff package puts China on edge,https://www.scmp.com/economy/china-economy/article/3317397/why-trumps-14-nation-tariff-package-puts-china-edge-and-pressures-southeast-asia,China Economy,2025-07-08
Asia Opinion,https://www.scmp.com/opinion/asia-opinion/article/3317197/how-china-japan-and-south-korea-can-be-titans-tech-innovation,,2025-07-08
Asia Opinion,https://www.scmp.com/opinion/asia-opinion/article/3317197/how-china-japan-and-south-korea-can-be-titans-tech-innovation,,2025-07-08
Asia Opinion,https://www.scmp.com/opinion/asia-opinion/article/3317197/how-china-japan-and-south-korea-can-be-titans-tech-innovation,,2025-07-08
Opinion|,https://www.scmp.com/opinion/asia-opinion/article/3317197/how-china-japan-and-south-korea-can-be-titans-tech-innovation,Asia Opinion,2025-07-08
Opinion|,https://www.scmp.com/opinion/asia-opinion/article/3317197/how-china-japan-and-south-korea-can-be-titans-tech-innovation,Asia Opinion,2025-07-08
Why East Asian integration could be the solution to US tariff threats,https://www.scmp.com/opinion/asia-opinion/article/3317197/how-china-japan-and-south-korea-can-be-titans-tech-innovation,Opinion|,2025-07-08
China Economy,https://www.scmp.com/economy/china-economy/article/3317330/chinas-rare-earth-dominance-faces-global-pushback-beijing-has-strong-hand-analysts,,2025-07-08
China Economy,https://www.scmp.com/economy/china-economy/article/3317330/chinas-rare-earth-dominance-faces-global-pushback-beijing-has-strong-hand-analysts,,2025-07-08
China Economy,https://www.scmp.com/economy/china-economy/article/3317330/chinas-rare-earth-dominance-faces-global-pushback-beijing-has-strong-hand-analysts,,2025-07-08
Rare earth dominance: why China still holds the cards despite global pushback,https://www.scmp.com/economy/china-economy/article/3317330/chinas-rare-earth-dominance-faces-global-pushback-beijing-has-strong-hand-analysts,China Economy,2025-07-08
Rare earth dominance: why China still holds the cards despite global pushback,https://www.scmp.com/economy/china-economy/article/3317330/chinas-rare-earth-dominance-faces-global-pushback-beijing-has-strong-hand-analysts,China Economy,2025-07-08
China Economy,https://www.scmp.com/economy/china-economy/article/3317312/how-can-china-get-consumers-spending-here-are-5-ideas-being-floated-beijing,,2025-07-08
China Economy,https://www.scmp.com/economy/china-economy/article/3317312/how-can-china-get-consumers-spending-here-are-5-ideas-being-floated-beijing,,2025-07-08
China Economy,https://www.scmp.com/economy/china-economy/article/3317312/how-can-china-get-consumers-spending-here-are-5-ideas-being-floated-beijing,,2025-07-08
Explainer|,https://www.scmp.com/economy/china-economy/article/3317312/how-can-china-get-consumers-spending-here-are-5-ideas-being-floated-beijing,China Economy,2025-07-08
Explainer|,https://www.scmp.com/economy/china-economy/article/3317312/how-can-china-get-consumers-spending-here-are-5-ideas-being-floated-beijing,China Economy,2025-07-08
How can China boost consumer spending? Here are 5 ideas being floated in Beijing,https://www.scmp.com/economy/china-economy/article/3317312/how-can-china-get-consumers-spending-here-are-5-ideas-being-floated-beijing,Explainer|,2025-07-08
Diplomacy,https://www.scmp.com/news/china/diplomacy/article/3317302/us-drops-among-chinese-study-preferences-singapore-beckons-status-and-culture,,2025-07-08
Diplomacy,https://www.scmp.com/news/china/diplomacy/article/3317302/us-drops-among-chinese-study-preferences-singapore-beckons-status-and-culture,,2025-07-08
Diplomacy,https://www.scmp.com/news/china/diplomacy/article/3317302/us-drops-among-chinese-study-preferences-singapore-beckons-status-and-culture,,2025-07-08
"Status, culture, cost: more Chinese students choosing Singapore as US declines",https://www.scmp.com/news/china/diplomacy/article/3317302/us-drops-among-chinese-study-preferences-singapore-beckons-status-and-culture,Diplomacy,2025-07-08
"Status, culture, cost: more Chinese students choosing Singapore as US declines",https://www.scmp.com/news/china/diplomacy/article/3317302/us-drops-among-chinese-study-preferences-singapore-beckons-status-and-culture,Diplomacy,2025-07-08
China Economy,https://www.scmp.com/economy/china-economy/article/3317235/chinas-trade-war-strategy-bet-guizhou-long-one-its-poorest-provinces,,2025-07-08
China Economy,https://www.scmp.com/economy/china-economy/article/3317235/chinas-trade-war-strategy-bet-guizhou-long-one-its-poorest-provinces,,2025-07-08
China Economy,https://www.scmp.com/economy/china-economy/article/3317235/chinas-trade-war-strategy-bet-guizhou-long-one-its-poorest-provinces,,2025-07-08
‘Historic opportunity’: why China is betting on a poor province in trade war,https://www.scmp.com/economy/china-economy/article/3317235/chinas-trade-war-strategy-bet-guizhou-long-one-its-poorest-provinces,China Economy,2025-07-08
‘Historic opportunity’: why China is betting on a poor province in trade war,https://www.scmp.com/economy/china-economy/article/3317235/chinas-trade-war-strategy-bet-guizhou-long-one-its-poorest-provinces,China Economy,2025-07-08
China Economy,https://www.scmp.com/economy/china-economy/article/3317241/chinas-visa-free-policy-pays-dividends-overseas-entries-soar-2025,,2025-07-07
China Economy,https://www.scmp.com/economy/china-economy/article/3317241/chinas-visa-free-policy-pays-dividends-overseas-entries-soar-2025,,2025-07-07
China Economy,https://www.scmp.com/economy/china-economy/article/3317241/chinas-visa-free-policy-pays-dividends-overseas-entries-soar-2025,,2025-07-07
China’s visa-free policy pays dividends as overseas entries soar in 2025,https://www.scmp.com/economy/china-economy/article/3317241/chinas-visa-free-policy-pays-dividends-overseas-entries-soar-2025,China Economy,2025-07-07
China’s visa-free policy pays dividends as overseas entries soar in 2025,https://www.scmp.com/economy/china-economy/article/3317241/chinas-visa-free-policy-pays-dividends-overseas-entries-soar-2025,China Economy,2025-07-08
China Economy,https://www.scmp.com/economy/china-economy/article/3317239/china-urged-take-bolder-steps-tackle-price-wars-deflation-and-weak-demand,,2025-07-07
China Economy,https://www.scmp.com/economy/china-economy/article/3317239/china-urged-take-bolder-steps-tackle-price-wars-deflation-and-weak-demand,,2025-07-07
China Economy,https://www.scmp.com/economy/china-economy/article/3317239/china-urged-take-bolder-steps-tackle-price-wars-deflation-and-weak-demand,,2025-07-07
"China urged to take bolder steps to tackle price wars, deflation and weak demand",https://www.scmp.com/economy/china-economy/article/3317239/china-urged-take-bolder-steps-tackle-price-wars-deflation-and-weak-demand,China Economy,2025-07-07
"China urged to take bolder steps to tackle price wars, deflation and weak demand",https://www.scmp.com/economy/china-economy/article/3317239/china-urged-take-bolder-steps-tackle-price-wars-deflation-and-weak-demand,China Economy,2025-07-08
China Economy,https://www.scmp.com/economy/china-economy/article/3317198/china-us-jet-engine-deal-boost-c919-production-comacs-eu-market-ambitions-analysts,,2025-07-07
China Economy,https://www.scmp.com/economy/china-economy/article/3317198/china-us-jet-engine-deal-boost-c919-production-comacs-eu-market-ambitions-analysts,,2025-07-07
China Economy,https://www.scmp.com/economy/china-economy/article/3317198/china-us-jet-engine-deal-boost-c919-production-comacs-eu-market-ambitions-analysts,,2025-07-07
How China’s C919 aircraft could win big from revived US jet engine exports,https://www.scmp.com/economy/china-economy/article/3317198/china-us-jet-engine-deal-boost-c919-production-comacs-eu-market-ambitions-analysts,China Economy,2025-07-07
How China’s C919 aircraft could win big from revived US jet engine exports,https://www.scmp.com/economy/china-economy/article/3317198/china-us-jet-engine-deal-boost-c919-production-comacs-eu-market-ambitions-analysts,China Economy,2025-07-08
Global Economy,https://www.scmp.com/economy/global-economy/article/3317184/australias-albanese-address-darwin-port-sale-china-visit,,2025-07-07
Global Economy,https://www.scmp.com/economy/global-economy/article/3317184/australias-albanese-address-darwin-port-sale-china-visit,,2025-07-07
Global Economy,https://www.scmp.com/economy/global-economy/article/3317184/australias-albanese-address-darwin-port-sale-china-visit,,2025-07-07
Australia’s Albanese to address Darwin Port sale on China visit,https://www.scmp.com/economy/global-economy/article/3317184/australias-albanese-address-darwin-port-sale-china-visit,Global Economy,2025-07-07
Australia’s Albanese to address Darwin Port sale on China visit,https://www.scmp.com/economy/global-economy/article/3317184/australias-albanese-address-darwin-port-sale-china-visit,Global Economy,2025-07-08
China Economy,https://www.scmp.com/economy/china-economy/article/3316992/why-chinese-investors-can-still-expect-warm-welcome-many-american-cities,,2025-07-06
China Economy,https://www.scmp.com/economy/china-economy/article/3316992/why-chinese-investors-can-still-expect-warm-welcome-many-american-cities,,2025-07-06
China Economy,https://www.scmp.com/economy/china-economy/article/3316992/why-chinese-investors-can-still-expect-warm-welcome-many-american-cities,,2025-07-06
Why Chinese investors can still expect a warm welcome in many US cities,https://www.scmp.com/economy/china-economy/article/3316992/why-chinese-investors-can-still-expect-warm-welcome-many-american-cities,China Economy,2025-07-06
Why Chinese investors can still expect a warm welcome in many US cities,https://www.scmp.com/economy/china-economy/article/3316992/why-chinese-investors-can-still-expect-warm-welcome-many-american-cities,China Economy,2025-07-08
China Opinion,https://www.scmp.com/opinion/china-opinion/article/3316994/will-chinas-bid-boost-domestic-demand-pay,,2025-07-06
China Opinion,https://www.scmp.com/opinion/china-opinion/article/3316994/will-chinas-bid-boost-domestic-demand-pay,,2025-07-06
China Opinion,https://www.scmp.com/opinion/china-opinion/article/3316994/will-chinas-bid-boost-domestic-demand-pay,,2025-07-06
Opinion|,https://www.scmp.com/opinion/china-opinion/article/3316994/will-chinas-bid-boost-domestic-demand-pay,China Opinion,2025-07-06
Opinion|,https://www.scmp.com/opinion/china-opinion/article/3316994/will-chinas-bid-boost-domestic-demand-pay,China Opinion,2025-07-08
Will China’s bid to boost domestic demand pay off?,https://www.scmp.com/opinion/china-opinion/article/3316994/will-chinas-bid-boost-domestic-demand-pay,Opinion|,2025-07-08
China Business,https://www.scmp.com/business/china-business/article/3317135/kfc-pizza-hut-operator-yum-china-embraces-ai-boost-efficiency-profitability,,2025-07-06
China Business,https://www.scmp.com/business/china-business/article/3317135/kfc-pizza-hut-operator-yum-china-embraces-ai-boost-efficiency-profitability,,2025-07-06
China Business,https://www.scmp.com/business/china-business/article/3317135/kfc-pizza-hut-operator-yum-china-embraces-ai-boost-efficiency-profitability,,2025-07-06
"KFC, Pizza Hut operator Yum China adopts AI to spur efficiency, profitability",https://www.scmp.com/business/china-business/article/3317135/kfc-pizza-hut-operator-yum-china-embraces-ai-boost-efficiency-profitability,China Business,2025-07-06
"KFC, Pizza Hut operator Yum China adopts AI to spur efficiency, profitability",https://www.scmp.com/business/china-business/article/3317135/kfc-pizza-hut-operator-yum-china-embraces-ai-boost-efficiency-profitability,China Business,2025-07-08
China Economy,https://www.scmp.com/economy/china-economy/article/3316973/how-young-chinese-travellers-are-fuelling-cruise-ship-holiday-boom,,2025-07-07
China Economy,https://www.scmp.com/economy/china-economy/article/3316973/how-young-chinese-travellers-are-fuelling-cruise-ship-holiday-boom,,2025-07-07
China Economy,https://www.scmp.com/economy/china-economy/article/3316973/how-young-chinese-travellers-are-fuelling-cruise-ship-holiday-boom,,2025-07-07
Party at sea: why young Chinese have fallen in love with cruise ship holidays,https://www.scmp.com/economy/china-economy/article/3316973/how-young-chinese-travellers-are-fuelling-cruise-ship-holiday-boom,China Economy,2025-07-07
Party at sea: why young Chinese have fallen in love with cruise ship holidays,https://www.scmp.com/economy/china-economy/article/3316973/how-young-chinese-travellers-are-fuelling-cruise-ship-holiday-boom,China Economy,2025-07-08
China Economy,https://www.scmp.com/economy/china-economy/article/3317044/trump-wants-ground-chinas-drones-have-they-flown-too-high-reach,,2025-07-06
China Economy,https://www.scmp.com/economy/china-economy/article/3317044/trump-wants-ground-chinas-drones-have-they-flown-too-high-reach,,2025-07-06
China Economy,https://www.scmp.com/economy/china-economy/article/3317044/trump-wants-ground-chinas-drones-have-they-flown-too-high-reach,,2025-07-06
Trump wants to ground China’s drones – but have they flown too high to reach?,https://www.scmp.com/economy/china-economy/article/3317044/trump-wants-ground-chinas-drones-have-they-flown-too-high-reach,China Economy,2025-07-06
Trump wants to ground China’s drones – but have they flown too high to reach?,https://www.scmp.com/economy/china-economy/article/3317044/trump-wants-ground-chinas-drones-have-they-flown-too-high-reach,China Economy,2025-07-08
China Economy,https://www.scmp.com/economy/china-economy/article/3316987/solar-energy-milestone-china-taps-ocean-breakthrough-industry,,2025-07-05
China Economy,https://www.scmp.com/economy/china-economy/article/3316987/solar-energy-milestone-china-taps-ocean-breakthrough-industry,,2025-07-05
China Economy,https://www.scmp.com/economy/china-economy/article/3316987/solar-energy-milestone-china-taps-ocean-breakthrough-industry,,2025-07-05
Solar energy milestone: China taps the ocean in breakthrough for industry,https://www.scmp.com/economy/china-economy/article/3316987/solar-energy-milestone-china-taps-ocean-breakthrough-industry,China Economy,2025-07-05
Solar energy milestone: China taps the ocean in breakthrough for industry,https://www.scmp.com/economy/china-economy/article/3316987/solar-energy-milestone-china-taps-ocean-breakthrough-industry,China Economy,2025-07-08
Global Economy,https://www.scmp.com/economy/global-economy/article/3316971/south-korea-japan-step-us-targets-chinas-shipbuilding-industry-can-they-succeed,,2025-07-05
Global Economy,https://www.scmp.com/economy/global-economy/article/3316971/south-korea-japan-step-us-targets-chinas-shipbuilding-industry-can-they-succeed,,2025-07-05
Global Economy,https://www.scmp.com/economy/global-economy/article/3316971/south-korea-japan-step-us-targets-chinas-shipbuilding-industry-can-they-succeed,,2025-07-05
"South Korea, Japan step up as US targets China’s shipbuilding – can they succeed?",https://www.scmp.com/economy/global-economy/article/3316971/south-korea-japan-step-us-targets-chinas-shipbuilding-industry-can-they-succeed,Global Economy,2025-07-05
"South Korea, Japan step up as US targets China’s shipbuilding – can they succeed?",https://www.scmp.com/economy/global-economy/article/3316971/south-korea-japan-step-us-targets-chinas-shipbuilding-industry-can-they-succeed,Global Economy,2025-07-08
China Opinion,https://www.scmp.com/opinion/china-opinion/article/3316815/chinese-companies-must-now-focus-wooing-consumers-home,,2025-07-05
China Opinion,https://www.scmp.com/opinion/china-opinion/article/3316815/chinese-companies-must-now-focus-wooing-consumers-home,,2025-07-05
China Opinion,https://www.scmp.com/opinion/china-opinion/article/3316815/chinese-companies-must-now-focus-wooing-consumers-home,,2025-07-05
Opinion|,https://www.scmp.com/opinion/china-opinion/article/3316815/chinese-companies-must-now-focus-wooing-consumers-home,China Opinion,2025-07-05
Opinion|,https://www.scmp.com/opinion/china-opinion/article/3316815/chinese-companies-must-now-focus-wooing-consumers-home,China Opinion,2025-07-08
Chinese companies must now focus on wooing consumers at home,https://www.scmp.com/opinion/china-opinion/article/3316815/chinese-companies-must-now-focus-wooing-consumers-home,Opinion|,2025-07-08
China Economy,https://www.scmp.com/economy/china-economy/article/3316980/chinas-trade-programme-boosts-sales-foreign-brands-including-apple,,2025-07-04
China Economy,https://www.scmp.com/economy/china-economy/article/3316980/chinas-trade-programme-boosts-sales-foreign-brands-including-apple,,2025-07-04
China Economy,https://www.scmp.com/economy/china-economy/article/3316980/chinas-trade-programme-boosts-sales-foreign-brands-including-apple,,2025-07-04
China’s trade-in programme boosts sales of foreign brands – including Apple,https://www.scmp.com/economy/china-economy/article/3316980/chinas-trade-programme-boosts-sales-foreign-brands-including-apple,China Economy,2025-07-04
China’s trade-in programme boosts sales of foreign brands – including Apple,https://www.scmp.com/economy/china-economy/article/3316980/chinas-trade-programme-boosts-sales-foreign-brands-including-apple,China Economy,2025-07-08
Global Economy,https://www.scmp.com/economy/global-economy/article/3316991/did-trump-get-his-big-beautiful-bill-us-dollars-expense,,2025-07-04
Global Economy,https://www.scmp.com/economy/global-economy/article/3316991/did-trump-get-his-big-beautiful-bill-us-dollars-expense,,2025-07-04
Global Economy,https://www.scmp.com/economy/global-economy/article/3316991/did-trump-get-his-big-beautiful-bill-us-dollars-expense,,2025-07-04
Did Trump get his ‘Big Beautiful Bill’ at the US dollar’s expense?,https://www.scmp.com/economy/global-economy/article/3316991/did-trump-get-his-big-beautiful-bill-us-dollars-expense,Global Economy,2025-07-04
Did Trump get his ‘Big Beautiful Bill’ at the US dollar’s expense?,https://www.scmp.com/economy/global-economy/article/3316991/did-trump-get-his-big-beautiful-bill-us-dollars-expense,Global Economy,2025-07-08
Global Economy,https://www.scmp.com/economy/global-economy/article/3316955/china-eu-eye-warmer-ties-brussels-seeks-protect-its-crown-jewel-manufacturing,,2025-07-04
Global Economy,https://www.scmp.com/economy/global-economy/article/3316955/china-eu-eye-warmer-ties-brussels-seeks-protect-its-crown-jewel-manufacturing,,2025-07-04
Global Economy,https://www.scmp.com/economy/global-economy/article/3316955/china-eu-eye-warmer-ties-brussels-seeks-protect-its-crown-jewel-manufacturing,,2025-07-04
"As China, EU eye warm ties, Brussels aims to protect its manufacturing base",https://www.scmp.com/economy/global-economy/article/3316955/china-eu-eye-warmer-ties-brussels-seeks-protect-its-crown-jewel-manufacturing,Global Economy,2025-07-04
"As China, EU eye warm ties, Brussels aims to protect its manufacturing base",https://www.scmp.com/economy/global-economy/article/3316955/china-eu-eye-warmer-ties-brussels-seeks-protect-its-crown-jewel-manufacturing,Global Economy,2025-07-08
Global Economy,https://www.scmp.com/economy/global-economy/article/3316945/china-levy-anti-dumping-tariffs-european-cognac,,2025-07-04
Global Economy,https://www.scmp.com/economy/global-economy/article/3316945/china-levy-anti-dumping-tariffs-european-cognac,,2025-07-04
Global Economy,https://www.scmp.com/economy/global-economy/article/3316945/china-levy-anti-dumping-tariffs-european-cognac,,2025-07-04
China-EU tensions rise as Beijing levies anti-dumping tariffs on European brandy,https://www.scmp.com/economy/global-economy/article/3316945/china-levy-anti-dumping-tariffs-european-cognac,Global Economy,2025-07-04
China-EU tensions rise as Beijing levies anti-dumping tariffs on European brandy,https://www.scmp.com/economy/global-economy/article/3316945/china-levy-anti-dumping-tariffs-european-cognac,Global Economy,2025-07-08
FactSheet|,https://www.scmp.com/plus/article/3316570/us-china-humanoid-robotics-race,,2025-07-04
FactSheet|,https://www.scmp.com/plus/article/3316570/us-china-humanoid-robotics-race,,2025-07-04
FactSheet|,https://www.scmp.com/plus/article/3316570/us-china-humanoid-robotics-race,,2025-07-04
The humanoid robotics race,https://www.scmp.com/plus/article/3316570/us-china-humanoid-robotics-race,FactSheet|,2025-07-04
The humanoid robotics race,https://www.scmp.com/plus/article/3316570/us-china-humanoid-robotics-race,FactSheet|,2025-07-08
The humanoid robotics race,https://www.scmp.com/plus/article/3316570/us-china-humanoid-robotics-race,FactSheet|,2025-07-08
China,https://www.scmp.com/video/china/3316906/following-us-vietnam-agreement-china-says-it-opposes-deals-hurt-its-interests,,2025-07-04
China,https://www.scmp.com/video/china/3316906/following-us-vietnam-agreement-china-says-it-opposes-deals-hurt-its-interests,,2025-07-04
China,https://www.scmp.com/video/china/3316906/following-us-vietnam-agreement-china-says-it-opposes-deals-hurt-its-interests,,2025-07-04
China assessing US trade deal with Vietnam,https://www.scmp.com/video/china/3316906/following-us-vietnam-agreement-china-says-it-opposes-deals-hurt-its-interests,China,2025-07-04
China assessing US trade deal with Vietnam,https://www.scmp.com/video/china/3316906/following-us-vietnam-agreement-china-says-it-opposes-deals-hurt-its-interests,China,2025-07-08
China Economy,https://www.scmp.com/economy/china-economy/article/3316893/china-vows-once-again-tackle-solar-panel-oversupply-will-time-be-different,,2025-07-04
China Economy,https://www.scmp.com/economy/china-economy/article/3316893/china-vows-once-again-tackle-solar-panel-oversupply-will-time-be-different,,2025-07-04
China Economy,https://www.scmp.com/economy/china-economy/article/3316893/china-vows-once-again-tackle-solar-panel-oversupply-will-time-be-different,,2025-07-04
Will China’s latest vow to tackle solar panel oversupply have desired impact?,https://www.scmp.com/economy/china-economy/article/3316893/china-vows-once-again-tackle-solar-panel-oversupply-will-time-be-different,China Economy,2025-07-04
Will China’s latest vow to tackle solar panel oversupply have desired impact?,https://www.scmp.com/economy/china-economy/article/3316893/china-vows-once-again-tackle-solar-panel-oversupply-will-time-be-different,China Economy,2025-07-08
‘Made in China 2025’ success explained,https://www.scmp.com/plus/article/3316828/worlds-factory-made-china-2025-success,,2025-07-04
‘Made in China 2025’ success explained,https://www.scmp.com/plus/article/3316828/worlds-factory-made-china-2025-success,,2025-07-04
‘Made in China 2025’ success explained,https://www.scmp.com/plus/article/3316828/worlds-factory-made-china-2025-success,,2025-07-04
"China set out in 2015 to achieve self-reliance, innovation and strength in manufacturing. These efforts have largely paid off, with remaining targets likely to be hit this year.",https://www.scmp.com/plus/article/3316828/worlds-factory-made-china-2025-success,‘Made in China 2025’ success explained,2025-07-04
"China set out in 2015 to achieve self-reliance, innovation and strength in manufacturing. These efforts have largely paid off, with remaining targets likely to be hit this year.",https://www.scmp.com/plus/article/3316828/worlds-factory-made-china-2025-success,‘Made in China 2025’ success explained,2025-07-08
China Opinion,https://www.scmp.com/opinion/china-opinion/article/3316697/compete-asia-must-learn-how-china-breeds-apex-predators,,2025-07-04
China Opinion,https://www.scmp.com/opinion/china-opinion/article/3316697/compete-asia-must-learn-how-china-breeds-apex-predators,,2025-07-04
China Opinion,https://www.scmp.com/opinion/china-opinion/article/3316697/compete-asia-must-learn-how-china-breeds-apex-predators,,2025-07-04
Opinion|,https://www.scmp.com/opinion/china-opinion/article/3316697/compete-asia-must-learn-how-china-breeds-apex-predators,China Opinion,2025-07-04
Opinion|,https://www.scmp.com/opinion/china-opinion/article/3316697/compete-asia-must-learn-how-china-breeds-apex-predators,China Opinion,2025-07-08
How Asian businesses can compete with China’s apex predators,https://www.scmp.com/opinion/china-opinion/article/3316697/compete-asia-must-learn-how-china-breeds-apex-predators,Opinion|,2025-07-08
China Business,https://www.scmp.com/business/china-business/article/3316864/chinas-ev-price-war-dashes-profit-hopes-90-brands-alixpartners-says,,2025-07-04
China Business,https://www.scmp.com/business/china-business/article/3316864/chinas-ev-price-war-dashes-profit-hopes-90-brands-alixpartners-says,,2025-07-04
China Business,https://www.scmp.com/business/china-business/article/3316864/chinas-ev-price-war-dashes-profit-hopes-90-brands-alixpartners-says,,2025-07-04
"China’s EV price war dashes profit hopes of 90% of brands, AlixPartners says",https://www.scmp.com/business/china-business/article/3316864/chinas-ev-price-war-dashes-profit-hopes-90-brands-alixpartners-says,China Business,2025-07-04
"China’s EV price war dashes profit hopes of 90% of brands, AlixPartners says",https://www.scmp.com/business/china-business/article/3316864/chinas-ev-price-war-dashes-profit-hopes-90-brands-alixpartners-says,China Business,2025-07-08
China could embrace universal basic income as AI takes jobs,https://www.scmp.com/opinion/china-opinion/article/3317193/ai-replaces-workers-china-could-consider-universal-basic-income,My Take|,2025-07-08
China could embrace universal basic income as AI takes jobs,https://www.scmp.com/opinion/china-opinion/article/3317193/ai-replaces-workers-china-could-consider-universal-basic-income,My Take|,2025-07-08
China could embrace universal basic income as AI takes jobs,https://www.scmp.com/opinion/china-opinion/article/3317193/ai-replaces-workers-china-could-consider-universal-basic-income,My Take|,2025-07-08
China could embrace universal basic income as AI takes jobs,https://www.scmp.com/opinion/china-opinion/article/3317193/ai-replaces-workers-china-could-consider-universal-basic-income,My Take|,2025-07-08
China could embrace universal basic income as AI takes jobs,https://www.scmp.com/opinion/china-opinion/article/3317193/ai-replaces-workers-china-could-consider-universal-basic-income,My Take|,2025-07-08
China could embrace universal basic income as AI takes jobs,https://www.scmp.com/opinion/china-opinion/article/3317193/ai-replaces-workers-china-could-consider-universal-basic-income,My Take|,2025-07-08
,https://www.scmp.com/author/zhou-xin,Zhou Xin,2025-07-08
Is China a just society? Economic woes erode public perception of fairness,https://www.scmp.com/opinion/china-opinion/article/3315513/china-just-society-economic-woes-erode-public-perception-fairness,My Take|,2025-06-23
Is China a just society? Economic woes erode public perception of fairness,https://www.scmp.com/opinion/china-opinion/article/3315513/china-just-society-economic-woes-erode-public-perception-fairness,My Take|,2025-06-23
Is China a just society? Economic woes erode public perception of fairness,https://www.scmp.com/opinion/china-opinion/article/3315513/china-just-society-economic-woes-erode-public-perception-fairness,My Take|,2025-06-23
Is China a just society? Economic woes erode public perception of fairness,https://www.scmp.com/opinion/china-opinion/article/3315513/china-just-society-economic-woes-erode-public-perception-fairness,My Take|,2025-06-23
Is China a just society? Economic woes erode public perception of fairness,https://www.scmp.com/opinion/china-opinion/article/3315513/china-just-society-economic-woes-erode-public-perception-fairness,My Take|,2025-07-08
Is China a just society? Economic woes erode public perception of fairness,https://www.scmp.com/opinion/china-opinion/article/3315513/china-just-society-economic-woes-erode-public-perception-fairness,My Take|,2025-07-08
,https://www.scmp.com/author/zhou-xin,Zhou Xin,2025-07-08
Why China’s ailing housing sector is the crisis investors forgot,https://www.scmp.com/opinion/china-opinion/article/3315439/chinas-housing-woes-demand-action-even-if-investors-look-away,The View|,2025-06-23
Why China’s ailing housing sector is the crisis investors forgot,https://www.scmp.com/opinion/china-opinion/article/3315439/chinas-housing-woes-demand-action-even-if-investors-look-away,The View|,2025-06-23
Why China’s ailing housing sector is the crisis investors forgot,https://www.scmp.com/opinion/china-opinion/article/3315439/chinas-housing-woes-demand-action-even-if-investors-look-away,The View|,2025-06-23
Why China’s ailing housing sector is the crisis investors forgot,https://www.scmp.com/opinion/china-opinion/article/3315439/chinas-housing-woes-demand-action-even-if-investors-look-away,The View|,2025-06-23
Why China’s ailing housing sector is the crisis investors forgot,https://www.scmp.com/opinion/china-opinion/article/3315439/chinas-housing-woes-demand-action-even-if-investors-look-away,The View|,2025-07-08
Why China’s ailing housing sector is the crisis investors forgot,https://www.scmp.com/opinion/china-opinion/article/3315439/chinas-housing-woes-demand-action-even-if-investors-look-away,The View|,2025-07-08
,https://www.scmp.com/author/nicholas-spiro,Nicholas Spiro,2025-07-08
US dollar uncertainty propels use of e-CNY,https://www.scmp.com/opinion/comment/article/3315125/us-dollar-uncertainty-propels-use-e-cny,Editorial|,2025-06-19
US dollar uncertainty propels use of e-CNY,https://www.scmp.com/opinion/comment/article/3315125/us-dollar-uncertainty-propels-use-e-cny,Editorial|,2025-06-19
US dollar uncertainty propels use of e-CNY,https://www.scmp.com/opinion/comment/article/3315125/us-dollar-uncertainty-propels-use-e-cny,Editorial|,2025-06-19
US dollar uncertainty propels use of e-CNY,https://www.scmp.com/opinion/comment/article/3315125/us-dollar-uncertainty-propels-use-e-cny,Editorial|,2025-06-19
US dollar uncertainty propels use of e-CNY,https://www.scmp.com/opinion/comment/article/3315125/us-dollar-uncertainty-propels-use-e-cny,Editorial|,2025-07-08
US dollar uncertainty propels use of e-CNY,https://www.scmp.com/opinion/comment/article/3315125/us-dollar-uncertainty-propels-use-e-cny,Editorial|,2025-07-08
,https://www.scmp.com/author/scmp-editorial,SCMP Editorial,2025-07-08
China welcomes rise in consumption but long way to go yet,https://www.scmp.com/opinion/comment/article/3314832/china-welcomes-rise-consumption-long-way-go-yet,Editorial|,2025-06-17
China welcomes rise in consumption but long way to go yet,https://www.scmp.com/opinion/comment/article/3314832/china-welcomes-rise-consumption-long-way-go-yet,Editorial|,2025-06-17
China welcomes rise in consumption but long way to go yet,https://www.scmp.com/opinion/comment/article/3314832/china-welcomes-rise-consumption-long-way-go-yet,Editorial|,2025-06-17
China welcomes rise in consumption but long way to go yet,https://www.scmp.com/opinion/comment/article/3314832/china-welcomes-rise-consumption-long-way-go-yet,Editorial|,2025-06-17
China welcomes rise in consumption but long way to go yet,https://www.scmp.com/opinion/comment/article/3314832/china-welcomes-rise-consumption-long-way-go-yet,Editorial|,2025-07-08
China welcomes rise in consumption but long way to go yet,https://www.scmp.com/opinion/comment/article/3314832/china-welcomes-rise-consumption-long-way-go-yet,Editorial|,2025-07-08
,https://www.scmp.com/author/scmp-editorial,SCMP Editorial,2025-07-08
Shenzhen’s rise is both a challenge and opportunity for Hong Kong,https://www.scmp.com/opinion/comment/article/3314527/shenzhens-rise-both-challenge-and-opportunity-hong-kong,Editorial|,2025-06-15
Shenzhen’s rise is both a challenge and opportunity for Hong Kong,https://www.scmp.com/opinion/comment/article/3314527/shenzhens-rise-both-challenge-and-opportunity-hong-kong,Editorial|,2025-06-15
Shenzhen’s rise is both a challenge and opportunity for Hong Kong,https://www.scmp.com/opinion/comment/article/3314527/shenzhens-rise-both-challenge-and-opportunity-hong-kong,Editorial|,2025-06-15
Shenzhen’s rise is both a challenge and opportunity for Hong Kong,https://www.scmp.com/opinion/comment/article/3314527/shenzhens-rise-both-challenge-and-opportunity-hong-kong,Editorial|,2025-06-15
Shenzhen’s rise is both a challenge and opportunity for Hong Kong,https://www.scmp.com/opinion/comment/article/3314527/shenzhens-rise-both-challenge-and-opportunity-hong-kong,Editorial|,2025-07-08
Shenzhen’s rise is both a challenge and opportunity for Hong Kong,https://www.scmp.com/opinion/comment/article/3314527/shenzhens-rise-both-challenge-and-opportunity-hong-kong,Editorial|,2025-07-08
,https://www.scmp.com/author/scmp-editorial,SCMP Editorial,2025-07-08
Donald Trump has given Chinese stocks a major boost,https://www.scmp.com/opinion/china-opinion/article/3314104/bursting-us-exceptionalism-bubble-boon-chinese-stocks,Macroscope|,2025-06-12
Donald Trump has given Chinese stocks a major boost,https://www.scmp.com/opinion/china-opinion/article/3314104/bursting-us-exceptionalism-bubble-boon-chinese-stocks,Macroscope|,2025-06-12
Donald Trump has given Chinese stocks a major boost,https://www.scmp.com/opinion/china-opinion/article/3314104/bursting-us-exceptionalism-bubble-boon-chinese-stocks,Macroscope|,2025-06-12
Donald Trump has given Chinese stocks a major boost,https://www.scmp.com/opinion/china-opinion/article/3314104/bursting-us-exceptionalism-bubble-boon-chinese-stocks,Macroscope|,2025-06-12
Donald Trump has given Chinese stocks a major boost,https://www.scmp.com/opinion/china-opinion/article/3314104/bursting-us-exceptionalism-bubble-boon-chinese-stocks,Macroscope|,2025-07-08
Donald Trump has given Chinese stocks a major boost,https://www.scmp.com/opinion/china-opinion/article/3314104/bursting-us-exceptionalism-bubble-boon-chinese-stocks,Macroscope|,2025-07-08
,https://www.scmp.com/author/nicholas-spiro,Nicholas Spiro,2025-07-08
What will China look like in 2030? A forecast on the next 5-year plan,https://www.scmp.com/opinion/china-opinion/article/3313692/ai-and-robotics-expected-play-big-role-chinas-next-5-year-plan,My Take|,2025-06-09
What will China look like in 2030? A forecast on the next 5-year plan,https://www.scmp.com/opinion/china-opinion/article/3313692/ai-and-robotics-expected-play-big-role-chinas-next-5-year-plan,My Take|,2025-06-09
What will China look like in 2030? A forecast on the next 5-year plan,https://www.scmp.com/opinion/china-opinion/article/3313692/ai-and-robotics-expected-play-big-role-chinas-next-5-year-plan,My Take|,2025-06-09
What will China look like in 2030? A forecast on the next 5-year plan,https://www.scmp.com/opinion/china-opinion/article/3313692/ai-and-robotics-expected-play-big-role-chinas-next-5-year-plan,My Take|,2025-06-09
What will China look like in 2030? A forecast on the next 5-year plan,https://www.scmp.com/opinion/china-opinion/article/3313692/ai-and-robotics-expected-play-big-role-chinas-next-5-year-plan,My Take|,2025-07-08
What will China look like in 2030? A forecast on the next 5-year plan,https://www.scmp.com/opinion/china-opinion/article/3313692/ai-and-robotics-expected-play-big-role-chinas-next-5-year-plan,My Take|,2025-07-08
,https://www.scmp.com/author/zhou-xin,Zhou Xin,2025-07-08
"As US door shuts, Brazilian one opens",https://www.scmp.com/opinion/comment/article/3313566/us-door-shuts-brazilian-one-opens,Editorial|,2025-06-08
"As US door shuts, Brazilian one opens",https://www.scmp.com/opinion/comment/article/3313566/us-door-shuts-brazilian-one-opens,Editorial|,2025-06-08
"As US door shuts, Brazilian one opens",https://www.scmp.com/opinion/comment/article/3313566/us-door-shuts-brazilian-one-opens,Editorial|,2025-06-08
"As US door shuts, Brazilian one opens",https://www.scmp.com/opinion/comment/article/3313566/us-door-shuts-brazilian-one-opens,Editorial|,2025-06-08
"As US door shuts, Brazilian one opens",https://www.scmp.com/opinion/comment/article/3313566/us-door-shuts-brazilian-one-opens,Editorial|,2025-07-08
"As US door shuts, Brazilian one opens",https://www.scmp.com/opinion/comment/article/3313566/us-door-shuts-brazilian-one-opens,Editorial|,2025-07-08
,https://www.scmp.com/author/scmp-editorial,SCMP Editorial,2025-07-08
How China’s overlooked financial system enabled its industrial success,https://www.scmp.com/opinion/china-opinion/article/3313234/how-chinas-overlooked-financial-system-enabled-its-industrial-success,Macroscope|,2025-06-07
How China’s overlooked financial system enabled its industrial success,https://www.scmp.com/opinion/china-opinion/article/3313234/how-chinas-overlooked-financial-system-enabled-its-industrial-success,Macroscope|,2025-06-07
How China’s overlooked financial system enabled its industrial success,https://www.scmp.com/opinion/china-opinion/article/3313234/how-chinas-overlooked-financial-system-enabled-its-industrial-success,Macroscope|,2025-06-07
How China’s overlooked financial system enabled its industrial success,https://www.scmp.com/opinion/china-opinion/article/3313234/how-chinas-overlooked-financial-system-enabled-its-industrial-success,Macroscope|,2025-06-07
How China’s overlooked financial system enabled its industrial success,https://www.scmp.com/opinion/china-opinion/article/3313234/how-chinas-overlooked-financial-system-enabled-its-industrial-success,Macroscope|,2025-07-08
How China’s overlooked financial system enabled its industrial success,https://www.scmp.com/opinion/china-opinion/article/3313234/how-chinas-overlooked-financial-system-enabled-its-industrial-success,Macroscope|,2025-07-08
,https://www.scmp.com/author/anthony-rowley,Anthony Rowley,2025-07-08
American financial exploitation vs Chinese financial repression,https://www.scmp.com/opinion/world-opinion/article/3311787/american-financial-exploitation-vs-chinese-financial-repression,My Take|,2025-05-28
American financial exploitation vs Chinese financial repression,https://www.scmp.com/opinion/world-opinion/article/3311787/american-financial-exploitation-vs-chinese-financial-repression,My Take|,2025-05-28
American financial exploitation vs Chinese financial repression,https://www.scmp.com/opinion/world-opinion/article/3311787/american-financial-exploitation-vs-chinese-financial-repression,My Take|,2025-05-28
American financial exploitation vs Chinese financial repression,https://www.scmp.com/opinion/world-opinion/article/3311787/american-financial-exploitation-vs-chinese-financial-repression,My Take|,2025-05-28
American financial exploitation vs Chinese financial repression,https://www.scmp.com/opinion/world-opinion/article/3311787/american-financial-exploitation-vs-chinese-financial-repression,My Take|,2025-07-08
American financial exploitation vs Chinese financial repression,https://www.scmp.com/opinion/world-opinion/article/3311787/american-financial-exploitation-vs-chinese-financial-repression,My Take|,2025-07-08
,https://www.scmp.com/author/alex-lo,Alex Lo,2025-07-08
Li Qiang’s Indonesia visit highlights rapid change in world order,https://www.scmp.com/opinion/comment/article/3311882/li-qiangs-indonesia-visit-highlights-rapid-change-world-order,Editorial|,2025-05-27
Li Qiang’s Indonesia visit highlights rapid change in world order,https://www.scmp.com/opinion/comment/article/3311882/li-qiangs-indonesia-visit-highlights-rapid-change-world-order,Editorial|,2025-05-27
Li Qiang’s Indonesia visit highlights rapid change in world order,https://www.scmp.com/opinion/comment/article/3311882/li-qiangs-indonesia-visit-highlights-rapid-change-world-order,Editorial|,2025-05-27
Li Qiang’s Indonesia visit highlights rapid change in world order,https://www.scmp.com/opinion/comment/article/3311882/li-qiangs-indonesia-visit-highlights-rapid-change-world-order,Editorial|,2025-05-27
Li Qiang’s Indonesia visit highlights rapid change in world order,https://www.scmp.com/opinion/comment/article/3311882/li-qiangs-indonesia-visit-highlights-rapid-change-world-order,Editorial|,2025-07-08
Li Qiang’s Indonesia visit highlights rapid change in world order,https://www.scmp.com/opinion/comment/article/3311882/li-qiangs-indonesia-visit-highlights-rapid-change-world-order,Editorial|,2025-07-08
,https://www.scmp.com/author/scmp-editorial,SCMP Editorial,2025-07-08
,https://www.scmp.com#,,2025-07-08
,https://www.scmp.com#,,2025-07-08
,https://www.scmp.com#,,2025-07-08
DOWNLOAD THE SCMP APP,https://www.scmp.comhttps://app.scmp.com/app/,SUBSCRIBE,2025-07-08
DOWNLOAD THE SCMP APP,https://www.scmp.comhttps://app.scmp.com/app/,SUBSCRIBE,2025-07-08
Mobile Editions,https://www.scmp.comhttps://www.scmp.com/mobile,Group Subscriptions,2025-07-08
Mobile Editions,https://www.scmp.comhttps://www.scmp.com/mobile,Group Subscriptions,2025-07-08
All Authors,https://www.scmp.comhttps://www.scmp.com/authors,All Topics,2025-07-08
Group Subscription,https://www.scmp.comhttps://subscribe.scmp.com/group,Products & Services,2025-07-08
Group Subscription,https://www.scmp.comhttps://subscribe.scmp.com/group,Products & Services,2025-07-08
All Topics,https://www.scmp.comhttps://www.scmp.com/topics,About Us,2025-07-08
Young Post,https://www.scmp.comhttps://www.scmp.com/yp/,Our Sites,2025-07-08
Advertise with us,https://www.scmp.comhttp://advertising.scmp.com/,Other,2025-07-08
